﻿space_name;space_id;Community_centre ;Cinematheque;Co_cooking;Library;Workshop_room;Fab_labs;Underground_parking;Assistedliving30units;Starterhousing100units;Studenthousing80units;Cafépubrestaurant;Arcade;Shop;Coworkingspaces;Startup_office;Gym;Greenery
Community centre ;0;1;1;1;1;1;1;0;0.8;0.4;0.6;0;0.4;0;0.2;0;0;1
Cinematheque;1;1;1;0;0;0;0;0;0;0;0;0;0;0;0;0;0;0
Co-cooking;2;1;0;1;0;0;0;0;0;0;0;0.8;0;0;0;0;0;0
Library;3;1;0;0;1;0;0;0;0;0;0;0;0;0;0;0;0;0
Workshop room;4;1;0;0;0;1;0;0;0;0;0;0;0;0;0;0;0;0
Fab labs;5;1;0;0;0;0;1;0;0;0;0;0;0;0;0;0;0;0
Underground parking;6;0;0;0;0;0;0;1;0.4;0;0;0;0;0;0;0.6;0;1
Assisted living ;7;0.8;0;0;0;0;0;0.4;1;0;0;0;0;0;0;0;0;0
Starter housing ;8;0.4;0;0;0;0;0;0;0;1;0;0;0;0;0.6;0.6;0.4;0
Student housing ;9;0.6;0;0;0;0;0;0;0;0;1;0;0;0;0.6;0.6;0.4;0
Café pub restaurant;10;0;0;0.8;0;0;0;0;0;0;0;1;0;0;0;0;0;1
Arcade;11;0.4;0;0;0;0;0;0;0;0;0;0;1;0;0;0;0;1
Shop;12;0;0;0;0;0;0;0;0;0;0;0;0;1;0;0;0;1
Co-working spaces;13;0.2;0;0;0;0;0;0;0;0.6;0.6;0;0;0;1;0.8;0;0
Start-up office;14;0;0;0;0;0;0;0.6;0;0.6;0.6;0;0;0;0.8;1;0;1
Gym;15;0;0;0;0;0;0;0;0;0.4;0.4;0;0;0;0;0;1;1
Greenery;16;1;0;0;0;0;0;1;0;0;0;1;1;1;0;1;1;1
