minbound,shape,unit
-45,11,15
-105,7,15
0,3,15


IX,IY,IZ,value

0,0,0,False

0,0,1,False

0,0,2,False

0,1,0,False

0,1,1,False

0,1,2,False

0,2,0,False

0,2,1,False

0,2,2,False

0,3,0,False

0,3,1,False

0,3,2,False

0,4,0,False

0,4,1,False

0,4,2,False

0,5,0,False

0,5,1,False

0,5,2,False

0,6,0,False

0,6,1,False

0,6,2,False

1,0,0,False

1,0,1,False

1,0,2,False

1,1,0,True

1,1,1,True

1,1,2,True

1,2,0,True

1,2,1,True

1,2,2,True

1,3,0,True

1,3,1,True

1,3,2,True

1,4,0,True

1,4,1,True

1,4,2,True

1,5,0,True

1,5,1,True

1,5,2,True

1,6,0,False

1,6,1,False

1,6,2,False

2,0,0,False

2,0,1,False

2,0,2,False

2,1,0,True

2,1,1,True

2,1,2,True

2,2,0,True

2,2,1,True

2,2,2,True

2,3,0,True

2,3,1,True

2,3,2,True

2,4,0,True

2,4,1,True

2,4,2,True

2,5,0,True

2,5,1,True

2,5,2,True

2,6,0,False

2,6,1,False

2,6,2,False

3,0,0,False

3,0,1,False

3,0,2,False

3,1,0,True

3,1,1,True

3,1,2,True

3,2,0,True

3,2,1,True

3,2,2,True

3,3,0,True

3,3,1,True

3,3,2,True

3,4,0,True

3,4,1,True

3,4,2,True

3,5,0,True

3,5,1,True

3,5,2,True

3,6,0,False

3,6,1,False

3,6,2,False

4,0,0,False

4,0,1,False

4,0,2,False

4,1,0,True

4,1,1,True

4,1,2,True

4,2,0,True

4,2,1,True

4,2,2,True

4,3,0,True

4,3,1,True

4,3,2,True

4,4,0,False

4,4,1,False

4,4,2,False

4,5,0,False

4,5,1,False

4,5,2,False

4,6,0,False

4,6,1,False

4,6,2,False

5,0,0,False

5,0,1,False

5,0,2,False

5,1,0,True

5,1,1,True

5,1,2,True

5,2,0,True

5,2,1,True

5,2,2,True

5,3,0,True

5,3,1,True

5,3,2,True

5,4,0,False

5,4,1,False

5,4,2,False

5,5,0,False

5,5,1,False

5,5,2,False

5,6,0,False

5,6,1,False

5,6,2,False

6,0,0,False

6,0,1,False

6,0,2,False

6,1,0,True

6,1,1,True

6,1,2,True

6,2,0,True

6,2,1,True

6,2,2,True

6,3,0,True

6,3,1,True

6,3,2,True

6,4,0,False

6,4,1,False

6,4,2,False

6,5,0,False

6,5,1,False

6,5,2,False

6,6,0,False

6,6,1,False

6,6,2,False

7,0,0,False

7,0,1,False

7,0,2,False

7,1,0,True

7,1,1,True

7,1,2,True

7,2,0,True

7,2,1,True

7,2,2,True

7,3,0,True

7,3,1,True

7,3,2,True

7,4,0,True

7,4,1,True

7,4,2,True

7,5,0,True

7,5,1,True

7,5,2,True

7,6,0,False

7,6,1,False

7,6,2,False

8,0,0,False

8,0,1,False

8,0,2,False

8,1,0,True

8,1,1,True

8,1,2,True

8,2,0,True

8,2,1,True

8,2,2,True

8,3,0,True

8,3,1,True

8,3,2,True

8,4,0,True

8,4,1,True

8,4,2,True

8,5,0,True

8,5,1,True

8,5,2,True

8,6,0,False

8,6,1,False

8,6,2,False

9,0,0,False

9,0,1,False

9,0,2,False

9,1,0,True

9,1,1,True

9,1,2,True

9,2,0,True

9,2,1,True

9,2,2,True

9,3,0,True

9,3,1,True

9,3,2,True

9,4,0,True

9,4,1,True

9,4,2,True

9,5,0,True

9,5,1,True

9,5,2,True

9,6,0,False

9,6,1,False

9,6,2,False

10,0,0,False

10,0,1,False

10,0,2,False

10,1,0,True

10,1,1,True

10,1,2,True

10,2,0,True

10,2,1,True

10,2,2,True

10,3,0,True

10,3,1,True

10,3,2,True

10,4,0,True

10,4,1,True

10,4,2,True

10,5,0,True

10,5,1,True

10,5,2,True

10,6,0,False

10,6,1,False

10,6,2,False

